CDE Name,UMLS Concept Name,UMLS Concept CUI,Vocabularies
Current Pregnancy Indicator,Pregnancy (Patient currently pregnant ,C0549206,"CHV,HL7V2.5,HL7V3.0,LNC,MTH,NCI,NCI_CDISC,NLMSubSyn,SNM,SNMI,SNOMEDCT_US,SNOMEDCT_VET"
Current Pregnancy Indicator,Now (Now (temporal qualifier) ,C1948052,"MTH,NCI,NCI_caDSR"
Current Pregnancy Due Date,Pregnancy (Patient currently pregnant ,C0549206,"CHV,HL7V2.5,HL7V3.0,LNC,MTH,NCI,NCI_CDISC,NLMSubSyn,SNM,SNMI,SNOMEDCT_US,SNOMEDCT_VET"
Current Pregnancy Due Date,Due Date (Expected Date of Confinement ,C2825543,"CHV,LNC,MTH,NCI,NCI_CDISC,NCI_NICHD,NLMSubSyn,SNOMEDCT_US"
Hearing Disability ,Hearing difficulty ,C1313969,SNOMEDCT_US 
Hearing Disability ,DISABILITY (Disability ,C0231170,"AOD,CHV,CSP,HL7V3.0,LNC,MEDLINEPLUS,MTH,NCI,NCI_FDA,SNM,SNMI,SNOMEDCT_US"
Hearing Disability ,DEAF (Hearing Impaired Persons ,C0525064,"CHV,DXP,LCH,LCH_NW,MSH,MTH,NLMSubSyn"
Hearing Disability ,Hearing disability ,C0848765,"CHV,MTH "
Vision Disability ,Vision Disability ,C3489704,"MSH,NLMSubSyn "
Vision Disability ,blind (Visually Impaired Persons ,C0525065,"CHV,MSH,MTH,NLMSubSyn,SNMI,SNOMEDCT_US"
Vision Disability ,Difficulty seeing (Visual Impairment ,C3665347,"AOD,CHV,CST,DXP,HPO,LNC,MSH,MTH,NCI,NCI_FDA,NLMSubSyn,OMIM,SNMI,SNOMEDCT_US,SNOMEDCT_VET"
Vision Disability ,Glasses (Eyeglasses ,C0015421,"CHV,CSP,LCH,LCH_NW,LNC,MEDLINEPLUS,MSH,MTH,NCI,SNM,SNMI,SNOMEDCT_US"
Concentration Disability ,Concentration (Mental concentration ,C0086045,"AOD,CHV,MTH,NCI,SNMI,SNOMEDCT_US"
Concentration Disability ,DISABILITY (Disability ,C0231170,"AOD,CHV,CSP,HL7V3.0,LNC,MEDLINEPLUS,MTH,NCI,NCI_FDA,SNM,SNMI,SNOMEDCT_US"
Concentration Disability ,Physical Condition (Individual Physical Condition ,C3714565,"AOD,CHV,LNC,MTH,NCI,NCI_caDSR,NLMSubSyn"
Concentration Disability ,Emotional ,C0849912,"CHV,LNC,MTH,NCI,SNOMEDCT_US "
Concentration Disability ,Difficulty making decisions ,C0423908,"CHV,NCI,SNOMEDCT_US "
Concentration Disability ,remembering (Mental Recall ,C0034770,"AOD,CHV,LCH,LNC,MSH,MTH,NCI,NCI_caDSR"
Walking Disability ,Walking disability (Difficulty walking ,C0311394,"AOD,CHV,COSTAR,CST,HPO,ICD9CM,MEDLINEPLUS,MSH,MTH,NCI,NCI_FDA,NCI_NICHD,NLMSubSyn,OMIM,SNM,SNMI,SNOM"
Walking Disability ,Difficulty climbing stairs (Difficulty walking up stairs ,C0239067,"DXP,HPO,LNC,OMIM,SNOMEDCT_US"
Washing and Dressing Disability ,Washing (Wash (cleansing action) ,C0441648,"CHV,MTH,NCI,SNOMEDCT_US"
Washing and Dressing Disability ,DISABILITY (Disability ,C0231170,"AOD,CHV,CSP,HL7V3.0,LNC,MEDLINEPLUS,MTH,NCI,NCI_FDA,SNM,SNMI,SNOMEDCT_US"
Washing and Dressing Disability ,Difficulty (Has difficulty doing (qualifier value) ,C1299586,"CHV,MTH,NCI,NCI_caDSR,SNOMEDCT_US"
Washing and Dressing Disability ,Bathing ,C0150141,"AOD,CHV,CSP,LCH,LCH_NW,LNC,MSH,MTH,NCI "
Daily Activities Disability,daily activities ,C0871707,"CHV,NLMSubSyn "
Daily Activities Disability,DISABILITY (Disability ,C0231170,"AOD,CHV,CSP,HL7V3.0,LNC,MEDLINEPLUS,MTH,NCI,NCI_FDA,SNM,SNMI,SNOMEDCT_US"
Daily Activities Disability,Physical Condition (Individual Physical Condition ,C3714565,"AOD,CHV,LNC,MTH,NCI,NCI_caDSR,NLMSubSyn"
Daily Activities Disability,Emotional ,C0849912,"CHV,LNC,MTH,NCI,SNOMEDCT_US "
Daily Activities Disability,Difficulty (Has difficulty doing (qualifier value) ,C1299586,"CHV,MTH,NCI,NCI_caDSR,SNOMEDCT_US"
Blood Type ,Blood Type (Blood Types ,C1383165,"CSP,MTH,NCI,NLMSubSyn"
Blood Type ,Rh Factor (Rh Factors ,C0035403,"CHV,LCH_NW,MSH,MTH,NCI"
Allergen Type ,Allergen (Allergens ,C0002092,"AOD,ATC,CHV,CSP,LCH,LCH_NW,LNC,MSH,MTH,NCI,NCI_NCI-GLOSS,NCI_NICHD,SNM,SNMI,SNOMEDCT_US"
Allergen Type ,Allergic Reaction ,C1527304,"CCS,CCSR_ICD10CM,ICD10CM,LNC,MSH,MTH,NCI,NCI_CTCAE,NCI_GDC,NCI_NCI-GLOSS,NCI_NICHD,SNOMEDCT_US "
Allergen Specify Other Type,Allergen (Allergens ,C0002092,"AOD,ATC,CHV,CSP,LCH,LCH_NW,LNC,MSH,MTH,NCI,NCI_NCI-GLOSS,NCI_NICHD,SNM,SNMI,SNOMEDCT_US"
Allergen Specify Other Type,Specify Other,C3845569,"LNC, NCI"
