Domain,CDE Name,UMLS Concept Name,UMLS Concept CUI,Vocabularies,NCI Concept Name,NCI Concept Code,Comment,NCIt Concept Lineage
Demographics,Unique ID,Unique Identifier,C2349022,"LNC,MTH,NCI,NCI_CTDC,NCI_caDSR,NLMSubSyn",Unique Identifier,C70663,,Conceptual Entity (C20181) > Intellectual Property (C97331) > Document (C19498) > Identifier (C25364) > Unique Identifier (C70663) 
Demographics,Full Name,Full,C0443225,"CHV,LNC,NCI,SNOMEDCT_US",Full,C25517,,Property or Attribute (C20189) > Qualifier (C41009) > General Qualifier (C27993) > Full (C25517) 
Demographics,Full Name,Name (Person Name,C1547383,"HL7V2.5,LNC,MTH,NCI,NCI_BRIDG_3_0_3,NCI_CDISC,NCI_CareLex,NCI_NICHD,NCI_caDSR,SNOMEDCT_US",Name,C25191,,Conceptual Entity (C20181) > Name (C42614) > Person Name (C25191) 
Demographics,Last Name,Last Name,C1301584,"MTH,NCI,NCI_ICDC,SNOMEDCT_US",Last Name,C40975,,Conceptual Entity (C20181) > Name (C42614) > Person Name (C25191) > Last Name (C40975) 
Demographics,Age,AGE (Age,C0001779,"AOD,CHV,FMA,LNC,MTH,NCI,NCI_BRIDG_3_0_3,NCI_BRIDG_5_3,NCI_CDISC,NCI_FDA,NCI_INC,NCI_NICHD,NCI_caDSR,SNMI,SNOMEDCT_US",Age,C25150,,Property or Attribute (C20189) > Person/Individual Attribute (C171087) > Personal Attribute (C19332) > Age (C25150) 
Demographics,Age Units,AGE (Age,C0001779,"AOD,CHV,FMA,LNC,MTH,NCI,NCI_BRIDG_3_0_3,NCI_BRIDG_5_3,NCI_CDISC,NCI_FDA,NCI_INC,NCI_NICHD,NCI_caDSR,SNMI,SNOMEDCT_US}",Age,C25150,,Property or Attribute (C20189) > Person/Individual Attribute (C171087) > Personal Attribute (C19332) > Age (C25150) 
Demographics,Age Units,Unit of Measure,C1519795,"MTH,NCI,NCI_ICDC,NCI_NICHD,NCI_UCUM,NCI_caDSR,SNOMEDCT_US",Unit of Measure,C25709,,Property or Attribute (C20189) > Unit of Measure (C25709) 
Demographics,Date of Birth*,Date of Birth (Patient date of birth,C0421451,"CHV,LNC,MTH,NCI,NCI_BRIDG_3_0_3,NCI_BRIDG_5_3,NCI_CDISC,NCI_INC,NCI_NICHD,NCI_caDSR,NLMSubSyn,SNOMEDCT_US}",Birth Date,C68615,,Property or Attribute (C20189) > Qualifier (C41009) > Temporal Qualifier (C21514) > Date (C25164) > Birth Date (C68615) 
Demographics,Date of Birth*,*^patient (Patients,C0030705,"AOD,CHV,HL7V3.0,LCH,LCH_NW,LNC,MSH,MTH,NCI,NCI_CDISC-GLOSS,NCI_DICOM,NCI_FDA,NCI_caDSR,SNOMEDCT_US}",Patients,C16960,,Conceptual Entity (C20181) > Person (C25190) > Patient (C16960) 
Demographics,Full Residential Address*,Full,C0443225,"CHV,LNC,NCI,SNOMEDCT_US",Full,C25517,,Property or Attribute (C20189) > Qualifier (C41009) > General Qualifier (C27993) > Full (C25517) 
Demographics,Full Residential Address*,Address,C1442065,"CHV,LNC,MTH,NCI,NCI_BRIDG_3_0_3,NCI_BRIDG_5_3,NCI_CDISC,NCI_NICHD,NCI_caDSR,SNOMEDCT_US",Address,C25407,,Conceptual Entity (C20181) > Intellectual Property (C97331) > Document (C19498) > Address (C25407) 
Demographics,Marital Status,Marital Status,C0024819,"AOD,CHV,CSP,HL7V2.5,LCH_NW,LNC,MSH,MTH,NCI,NCI_BRIDG_5_3,NCI_CDISC,NCI_NCI-HL7,NLMSubSyn,SNOMEDCT_US",Marital Status,C25188,,Property or Attribute (C20189) > Person/Individual Attribute (C171087) > Personal Attribute (C19332) > Marital Status (C25188) 
Demographics,Sexual Orientation Status,"Orientation, Sexual (Sexual Orientation",C0205949,"AOD,CHV,CSP,LNC,MSH,MTH,NCI,NLMSubSyn,SNMI,SNOMEDCT_US}",Sexual Orientation,C84361,,Property or Attribute (C20189) > Person/Individual Attribute (C171087) > Personal Attribute (C19332) > Sexual Orientation (C84361) 
Demographics,Race*,Race,C3853635,"MTH , MSH , SNOMEDCT_US , NCI , NCI_caDSR , NCI_CDC , NCI_CDISC , NCI_FDA}",Race,C17049,,Conceptual Entity (C20181) > Group (C43359) > Population Group (C17005) > Race (C17049) 
Demographics,Ethnicity*,Ethnic background (Ethnicity,C0015031,"CDCREC,CHV,LCH_NW,LNC,MSH,MTH,NCI,NCI_CDISC,NCI_CDISC-GLOSS,NCI_CTDC,NCI_GDC,NCI_NICHD,NCI_PCDC,NLMSubSyn,SNMI,SNOMEDCT_US}",Ethnicity,C16564,,Conceptual Entity (C20181) > Group (C43359) > Population Group (C17005) > Ethnic Group (C16564) 
Demographics,Ethnicity*,Ethnic background (Ethnicity,C0015031,"CDCREC,CHV,LCH_NW,LNC,MSH,MTH,NCI,NCI_CDISC,NCI_CDISC-GLOSS,NCI_CTDC,NCI_GDC,NCI_NICHD,NCI_PCDC,NLMSubSyn,SNMI,SNOMEDCT_US}",Ethnic Group,C16564,,Conceptual Entity (C20181) > Group (C43359) > Population Group (C17005) > Ethnic Group (C16564) 
Demographics,First Name,First Name,C1443235,"LNC,MTH,NCI,NCI_ICDC,NLMSubSyn,SNOMEDCT_US",First Name,C40974,,Conceptual Entity (C20181) > Name (C42614) > Person Name (C25191) > First Name (C40974) 
Demographics,First Name,First Name,C1443235,"LNC,MTH,NCI,NCI_ICDC,NLMSubSyn,SNOMEDCT_US",Forename,C40974,,Conceptual Entity (C20181) > Name (C42614) > Person Name (C25191) > First Name (C40974) 
Demographics,First Name,First Name,C1443235,"LNC,MTH,NCI,NCI_ICDC,NLMSubSyn,SNOMEDCT_US",Given Name,C40974,,Conceptual Entity (C20181) > Name (C42614) > Person Name (C25191) > First Name (C40974) 
Demographics,Address City Name,Address,C1442065,"CHV,LNC,MTH,NCI,NCI_BRIDG_3_0_3,NCI_BRIDG_5_3,NCI_CDISC,NCI_NICHD,NCI_caDSR,SNOMEDCT_US",Address,C25407,,Conceptual Entity (C20181) > Intellectual Property (C97331) > Document (C19498) > Address (C25407) 
Demographics,Address City Name,City (Cities,C0008848,"CHV,CSP,LNC,MSH,MTH,NCI,NCI_CDISC,NCI_NICHD,SNOMEDCT_US",City,C25160,,Conceptual Entity (C20181) > Geographic Area (C16632) > City (C25160) 
Demographics,Address State Code,Address,C1442065,"CHV,LNC,MTH,NCI,NCI_BRIDG_3_0_3,NCI_BRIDG_5_3,NCI_CDISC,NCI_NICHD,NCI_caDSR,SNOMEDCT_US",Address,C25407,,Conceptual Entity (C20181) > Intellectual Property (C97331) > Document (C19498) > Address (C25407) 
Demographics,Address State Code,State (Geographic state,C1301808,"CHV,HL7V3.0,LNC,MTH,NCI,NCI_CDISC,SNOMEDCT_US",State,C87194,,Conceptual Entity (C20181) > Geographic Area (C16632) > State (C87194) 
Demographics,Address State Code,State (Geographic state,C1301808,"CHV,HL7V3.0,LNC,MTH,NCI,NCI_CDISC,SNOMEDCT_US",Territory,C87194,,Conceptual Entity (C20181) > Geographic Area (C16632) > State (C87194) 
Demographics,Address County Name,Address,C1442065,"CHV,LNC,MTH,NCI,NCI_BRIDG_3_0_3,NCI_BRIDG_5_3,NCI_CDISC,NCI_NICHD,NCI_caDSR,SNOMEDCT_US",Address,C25407,,Conceptual Entity (C20181) > Intellectual Property (C97331) > Document (C19498) > Address (C25407) 
Demographics,Address County Name,County,C0079170,"CHV,LNC,NCI",County,C49292,,Conceptual Entity (C20181) > Geographic Area (C16632) > County (C49292) 
Demographics,Address County Name,County,C0079170,"CHV,LNC,NCI",Parish,C49292,,Conceptual Entity (C20181) > Geographic Area (C16632) > County (C49292) 
Demographics,Address Postal Code,Address,C1442065,"CHV,LNC,MTH,NCI,NCI_BRIDG_3_0_3,NCI_BRIDG_5_3,NCI_CDISC,NCI_NICHD,NCI_caDSR,SNOMEDCT_US",Address,C25407,,Conceptual Entity (C20181) > Intellectual Property (C97331) > Document (C19498) > Address (C25407) 
Demographics,Address Postal Code,Postal Code,C1514254,"HL7V3.0,LNC,MTH,NCI,NCI_CDISC,NCI_NICHD",Postal Code,C25621,,Conceptual Entity (C20181) > Code (C25162) > Postal Code (C25621) 
Demographics,Parent's Current Educational Attainment,COMPLETED (Complete,C0205197,"CHV,LNC,MTH,NCI,NCI_CDISC,NCI_FDA,NCI_caDSR,SNMI,SNOMEDCT_US",Complete,C25250,,Property or Attribute (C20189) > Qualifier (C41009) > Clinical or Research Assessment Answer (C91106) > Complete (C25250) 
Demographics,Parent's Current Educational Attainment,COMPLETED (Complete,C0013658,NCI,Education Level, C17953,OV,Conceptual Entity (C20181) > Social Circumstances (C20188) > Socioeconomic Factors (C17468) > Education Level (C17953) 
Demographics,Parent's Current Educational Attainment,COMPLETED (Complete,C0030551,NCI,Parent,C42709,OV,Conceptual Entity (C20181) > Person (C25190) > Family Member (C41256) > Relative (C21480) > Parent (C42709) 
Demographics,Parent's Current Educational Attainment,COMPLETED (Complete,C0205197,"CHV,LNC,MTH,NCI,NCI_CDISC,NCI_FDA,NCI_caDSR,SNMI,SNOMEDCT_US",Completion,C25250,,Property or Attribute (C20189) > Qualifier (C41009) > Clinical or Research Assessment Answer (C91106) > Complete (C25250) 
Demographics,Sexual Orientation Expanded Status,"Orientation, Sexual (Sexual Orientation",C0205949,"AOD,CHV,CSP,LNC,MSH,MTH,NCI,NLMSubSyn,SNMI,SNOMEDCT_US",Sexual Orientation,C84361,,Property or Attribute (C20189) > Person/Individual Attribute (C171087) > Personal Attribute (C19332) > Sexual Orientation (C84361) 
Demographics,Sexual Orientation Expanded Status,Expanded (Expanding,C0205229,"CHV,LNC,NCI,SNMI,SNOMEDCT_US",Expand,C96889,,Activity (C43431) > Action (C25404) > Expand (C96889) 
