level 1,ID_1,level 2,ID_2,level 3,ID_3,level 4,ID_4,level 5,ID_5
Conceptual Entity ,C20181, Intellectual Property ,C97331, Document ,C19498, Identifier ,C25364, Unique Identifier ,C70663
Property or Attribute ,C20189, Qualifier ,C41009, General Qualifier ,C27993, Full ,C25517,,
Conceptual Entity ,C20181, Name ,C42614, Person Name ,C25191,,,,
Conceptual Entity ,C20181, Name ,C42614, Person Name ,C25191, Last Name ,C40975,,
Property or Attribute ,C20189, Person/Individual Attribute ,C171087, Personal Attribute ,C19332, Age ,C25150,,
Property or Attribute ,C20189, Unit of Measure ,C25709,,,,,,
Property or Attribute ,C20189, Qualifier ,C41009, Temporal Qualifier ,C21514, Date ,C25164, Birth Date ,C68615
Conceptual Entity ,C20181, Person ,C25190, Patient ,C16960,,,,
Conceptual Entity ,C20181, Intellectual Property ,C97331, Document ,C19498, Address ,C25407,,
Property or Attribute ,C20189, Person/Individual Attribute ,C171087, Personal Attribute ,C19332, Marital Status ,C25188,,
Property or Attribute ,C20189, Person/Individual Attribute ,C171087, Personal Attribute ,C19332, Sexual Orientation ,C84361,,
Conceptual Entity ,C20181, Group ,C43359, Population Group ,C17005, Race ,C17049,,
Conceptual Entity ,C20181, Group ,C43359, Population Group ,C17005, Ethnic Group ,C16564,,
Conceptual Entity ,C20181, Name ,C42614, Person Name ,C25191, First Name ,C40974,,
Conceptual Entity ,C20181, Geographic Area ,C16632, City ,C25160,,,,
Conceptual Entity ,C20181, Geographic Area ,C16632, State ,C87194,,,,
Conceptual Entity ,C20181, Geographic Area ,C16632, County ,C49292,,,,
Conceptual Entity ,C20181, Code ,C25162, Postal Code ,C25621,,,,
Property or Attribute ,C20189, Qualifier ,C41009, Clinical or Research Assessment Answer ,C91106, Complete ,C25250,,
Conceptual Entity ,C20181, Social Circumstances ,C20188, Socioeconomic Factors ,C17468, Education Level ,C17953,,
Conceptual Entity ,C20181, Person ,C25190, Family Member ,C41256, Relative ,C21480, Parent ,C42709
Activity ,C43431, Action ,C25404, Expand ,C96889,,,,
