﻿CDE Name,Question Text / Item Text
Concomitant Medication Name,"Other medications, taken than those taken to treat COVID- 19?"
COVID-19 Specific Medication Type,"What medications did the patient take to treat COVID-19?

"
COVID-19 Specific Medication Specify Other Type,"Other COVID-19-Specific Medication, Specify:"
Current Medication Dose,"For each medication, specify dose"
Current Medication Dose Unit of Measure,"For each medication, specify unit of measure"
Current Medication Dose Frequency,"For each medication, specify frequency "
COVID-19 Medication Pre-mature Discontinuation Reason,"Reason medication was discontinued, select all that apply. "
COVID-19 Medication Pre-mature Discontinuation Specify Other Reason,Specify other reason medication was discontinued pre-maturely
Medication Discontinued Date,What date was the medication prematurely discontinued?
Medication Discontinued Date Unknown Indicator,Was the date when the medication was discontinued unknown?
Healthcare Setting Specify Other Type,Specify other healthcare setting
Patient Specify Other Status,Specify other patient type
Treating Healthcare Facility Name  ,What is the facility name where the patient was treated? 
