Variable Name,Title,Definition,Permissible Values,Permissible Value Descriptions,Preferred Question Text,Domain.General (For All Diseases)
var1,"Concomitant Medication Name Other medications, taken than those taken to treat COVID- 19?",,,,"Other medications, taken than those taken to treat COVID- 19?",TreatmentRestofCDEs
var2,"COVID-19 Specific Medication Type What medications did the patient take to treat COVID-19?

",,,,"What medications did the patient take to treat COVID-19?

",TreatmentRestofCDEs
var3,"COVID-19 Specific Medication Specify Other Type Other COVID-19-Specific Medication, Specify:",,,,"Other COVID-19-Specific Medication, Specify:",TreatmentRestofCDEs
var4,"Current Medication Dose For each medication, specify dose",,,,"For each medication, specify dose",TreatmentRestofCDEs
var5,"Current Medication Dose Unit of Measure For each medication, specify unit of measure",,,,"For each medication, specify unit of measure",TreatmentRestofCDEs
var6,"Current Medication Dose Frequency For each medication, specify frequency ",,,,"For each medication, specify frequency ",TreatmentRestofCDEs
var7,"COVID-19 Medication Pre-mature Discontinuation Reason Reason medication was discontinued, select all that apply. ",,,,"Reason medication was discontinued, select all that apply. ",TreatmentRestofCDEs
var8,COVID-19 Medication Pre-mature Discontinuation Specify Other Reason Specify other reason medication was discontinued pre-maturely,,,,Specify other reason medication was discontinued pre-maturely,TreatmentRestofCDEs
var9,Medication Discontinued Date What date was the medication prematurely discontinued?,,,,What date was the medication prematurely discontinued?,TreatmentRestofCDEs
var10,Medication Discontinued Date Unknown Indicator Was the date when the medication was discontinued unknown?,,,,Was the date when the medication was discontinued unknown?,TreatmentRestofCDEs
var11,Healthcare Setting Specify Other Type Specify other healthcare setting,,,,Specify other healthcare setting,TreatmentRestofCDEs
var12,Patient Specify Other Status Specify other patient type,,,,Specify other patient type,TreatmentRestofCDEs
var13,Treating Healthcare Facility Name   What is the facility name where the patient was treated? ,,,,What is the facility name where the patient was treated? ,TreatmentRestofCDEs
